Doc,Nombre,Apellido,Cargo,Profesion,Nivel,Salario,Ciudad,País,Telefono
1344702176,Dwayne,Chapman,Analista,Ingeniero,Semi-Senior,37454,East Sandratown,Iceland,071-524-3083
4799197514,Madison,Merritt,Recursos Humanos,Ingeniero,Senior,71516,New Bruce,Venezuela,+1-511-535-4543x1825
8113304588,Derek,Mccoy,Soporte Técnico,Abogado,Senior,54075,Thomasport,Tokelau,709-586-4973x4021
5135410735,Jennifer,Miller,Soporte Técnico,Contador,Senior,62291,South Lauramouth,Colombia,(888)150-7713x78702
3322201316,James,Coleman,Contador,Administrador,Semi-Senior,36836,East Philipton,Vietnam,+1-187-622-6489x646
3523671722,Jeanne,Levine,Gerente,Abogado,Junior,58774,Michaelside,Iran,160-104-1932
8864325355,Jill,Bailey,Desarrollador,Psicólogo,Junior,43273,Choibury,Honduras,+1-667-982-6349
7021648909,Jamie,Walker,Desarrollador,Técnico,Senior,96590,Nancyborough,Namibia,051.733.3603x9271
5504005023,Sarah,Stevens,Desarrollador,Administrador,Junior,73930,Gabriellaberg,Switzerland,+1-373-272-2307x23483
1626997475,Joshua,James,Gerente,Abogado,Senior,102194,Laurahaven,Guadeloupe,+1-628-152-9787x2862
4893785837,Jeffrey,Snyder,Soporte Técnico,Ingeniero,Junior,110251,East Patrick,Norfolk Island,251.807.3927
7330418880,Randall,Baxter,Desarrollador,Técnico,Senior,29318,Brianshire,Tajikistan,001-530-984-2801
1465562584,Brittany,Thomas,Analista,Técnico,Senior,110962,North Stevenchester,Taiwan,746.380.8684
8325327551,Thomas,Mccullough,Desarrollador,Técnico,Junior,36542,South Danielborough,Tonga,+1-190-111-2638x2813
9118433129,Alan,Schmidt,Recursos Humanos,Administrador,Semi-Senior,84500,Lake Anthony,Philippines,(003)456-9291
4914112753,Robin,Smith,Recursos Humanos,Técnico,Semi-Senior,118870,West Sarah,Poland,+1-045-938-0143x26182
4206930992,Ashley,Browning,Gerente,Psicólogo,Junior,71420,Homouth,Slovenia,+1-380-785-4787x8731
7151030384,Julie,Jordan,Recursos Humanos,Técnico,Senior,78970,Swansonfurt,Turkey,4557028353
9263228010,Daniel,Gonzalez,Contador,Administrador,Semi-Senior,56327,New Derrickmouth,Cote d'Ivoire,(740)914-8898
4335130202,Amanda,Montoya,Contador,Ingeniero,Semi-Senior,101318,Marytown,Saint Helena,(463)642-1778x6746
9253826576,Lisa,Lyons,Recursos Humanos,Administrador,Senior,67226,Fergusonburgh,Saint Barthelemy,828-074-8034x57412
6391403855,David,Greene,Recursos Humanos,Psicólogo,Senior,64297,Turnermouth,Luxembourg,+1-118-008-7235x343
3537195836,Melinda,Ramos,Recursos Humanos,Ingeniero,Semi-Senior,55161,Robertsville,Kyrgyz Republic,444-719-8809x56193
7466747210,Amy,Graham,Contador,Ingeniero,Junior,78100,Roblesbury,Latvia,914-103-0057x46487
7092254460,Ryan,Lawson,Desarrollador,Abogado,Semi-Senior,99362,South Garrettstad,Central African Republic,(060)691-1450
3723833157,Cheryl,Williams,Contador,Psicólogo,Senior,43226,Angelhaven,Saint Helena,+1-191-743-0655x5626
8406396637,Victoria,Kirk,Analista,Ingeniero,Semi-Senior,106434,Laramouth,Saint Pierre and Miquelon,001-353-730-5445x6026
4695227569,Angela,Austin,Gerente,Técnico,Senior,103263,East Kristinfurt,Syrian Arab Republic,001-629-468-9980x14668
2740410562,Norma,Marsh,Gerente,Psicólogo,Senior,77882,New Kathryn,Zambia,790-616-1714
2588840560,Tony,King,Contador,Técnico,Junior,73997,North Paul,Mayotte,371-257-6342x42067
1280517424,Jeremy,Stevens,Recursos Humanos,Abogado,Junior,109683,South Calebland,Sri Lanka,+1-920-933-9240
9240507149,Michael,Bryant,Gerente,Psicólogo,Senior,86497,North Angela,Sudan,+1-623-389-8624x424
3370793800,Kenneth,Dixon,Desarrollador,Administrador,Junior,77055,North Williamville,Russian Federation,262.473.9350x442
2364269798,Katie,Sullivan,Gerente,Contador,Semi-Senior,104440,North Michaelland,Ireland,+1-270-862-5737x701
2537541991,Stephen,Smith,Contador,Contador,Semi-Senior,99094,Lake Deborah,Turks and Caicos Islands,761.165.9556x7783
1252572894,David,Johnson,Soporte Técnico,Contador,Semi-Senior,61551,North Christopher,Bahrain,+1-333-946-6746x57929
5084799706,Danielle,Morse,Recursos Humanos,Ingeniero,Semi-Senior,102155,Delacruzburgh,Egypt,+1-261-606-4389
8649433169,Daniel,Dunn,Recursos Humanos,Ingeniero,Senior,34455,West Sarah,Thailand,894-250-2634
4902936437,Justin,Gordon,Soporte Técnico,Contador,Semi-Senior,24523,West Kirstenburgh,Svalbard & Jan Mayen Islands,+1-573-186-8865x7436
4911292720,Kimberly,Vargas,Contador,Contador,Semi-Senior,26966,Lake Christychester,Suriname,(374)810-3473x611
7040596134,Kevin,Rivera,Gerente,Contador,Junior,56782,New Peter,Somalia,(561)750-6328x1951
8752330584,Melissa,Sanchez,Contador,Psicólogo,Senior,79790,South Austinport,Georgia,(306)608-0306
7021005925,Kyle,Martinez,Contador,Ingeniero,Junior,93628,Marshallborough,Albania,786.952.6427x7373
2806930503,Nicole,Gonzalez,Desarrollador,Técnico,Senior,59232,Brightville,Timor-Leste,344-038-2227x506
3088234728,Katherine,Reed,Analista,Contador,Junior,26445,Lake Jamesborough,Niue,001-812-737-0346x3668
6788300307,Maria,Smith,Desarrollador,Contador,Semi-Senior,78298,Peckmouth,Belarus,+1-335-502-6883
3122523646,Tonya,Fitzgerald,Gerente,Administrador,Senior,72301,Port Kimberlychester,Suriname,651-575-8622x385
8789654021,Jeffery,Gomez,Desarrollador,Ingeniero,Junior,43436,Torresport,Malta,853.754.6611x00457
9774667662,Heather,Harris,Soporte Técnico,Contador,Senior,61352,Colleenland,Saudi Arabia,001-569-123-3618x28378
5971290879,Hannah,Campbell,Contador,Técnico,Semi-Senior,77192,Christinamouth,Thailand,8147949369
2495845817,Justin,Castro,Gerente,Psicólogo,Junior,101194,Abigailfurt,Spain,789.540.3819x5053
8795860840,Diana,Morrow,Analista,Contador,Junior,30910,Kramerborough,Solomon Islands,+1-450-614-4648x8145
1062336670,Jordan,Robinson,Soporte Técnico,Técnico,Semi-Senior,29300,Cynthialand,Lao People's Democratic Republic,6422790980
5013940524,Angela,Hobbs,Contador,Abogado,Junior,30141,North Patricia,Macedonia,(907)753-5613
5151889858,James,White,Soporte Técnico,Psicólogo,Junior,101493,Lopezside,Uganda,(644)398-1508x04181
2619741644,Robert,Hawkins,Gerente,Abogado,Semi-Senior,115860,East Edwardshire,United Kingdom,(176)469-4497
2187808748,Thomas,Jones,Desarrollador,Psicólogo,Senior,83700,New Stephaniebury,Suriname,+1-913-334-2452x979
5680202907,Crystal,Garcia,Contador,Técnico,Semi-Senior,47504,Ashleyfurt,Saudi Arabia,565.858.8916x67307
9983096068,Jeffrey,Diaz,Recursos Humanos,Ingeniero,Semi-Senior,48918,East Natalieview,Brunei Darussalam,(465)025-5146x975
6274366508,Christian,Rodgers,Desarrollador,Administrador,Semi-Senior,43322,Andrechester,Sudan,(442)349-8248
8751916528,Joseph,Brooks,Contador,Contador,Semi-Senior,46041,Valdezburgh,Congo,465.636.0599x91339
8829619974,Richard,Rogers,Analista,Técnico,Senior,92376,East Isabellaville,Bermuda,+1-002-844-6395x364
8770158704,Ashley,Hill,Desarrollador,Administrador,Semi-Senior,48230,Port Steven,Albania,(510)537-3596x452
5469183958,Richard,Adams,Analista,Ingeniero,Junior,82587,Port Michaela,Turks and Caicos Islands,686-984-3979x826
5072717063,Jennifer,Klein,Gerente,Psicólogo,Senior,101921,South Paigefort,Rwanda,961.236.1315
6007077621,Ashley,Williams,Recursos Humanos,Contador,Junior,89820,North William,Oman,(108)493-6619x3668
1824334580,Brittany,Powell,Contador,Administrador,Senior,51227,West Patricia,Morocco,(591)014-1998x96896
8709660674,Stephanie,Baird,Desarrollador,Contador,Senior,38385,South Josephberg,Germany,+1-901-224-6688
2413523387,Michael,Lester,Soporte Técnico,Psicólogo,Junior,58979,Brooksshire,Cyprus,001-214-632-8181x427
9537742513,Janet,Williams,Recursos Humanos,Ingeniero,Semi-Senior,91154,New Glennview,Taiwan,+1-314-783-0914x09452
1611822093,Debbie,Wright,Contador,Ingeniero,Junior,70147,Gonzalezton,Falkland Islands (Malvinas),+1-886-137-3585x52395
2365276158,Kari,Collins,Contador,Técnico,Semi-Senior,111407,North Gabriel,Finland,644.652.9995
3971158653,Leslie,Smith,Soporte Técnico,Administrador,Semi-Senior,106617,South Steven,Armenia,953.819.0417x942
3727292702,Ashley,Baker,Contador,Psicólogo,Senior,77167,Georgechester,Nepal,+1-187-470-9811x67852
1614044744,Jessica,Jones,Recursos Humanos,Contador,Junior,81266,Jennifermouth,Ghana,406.340.3845x424
1031992355,Robert,Collins,Recursos Humanos,Administrador,Semi-Senior,71252,Cranefurt,Macedonia,843.758.8576x0239
6577585745,Tyrone,Scott,Analista,Abogado,Semi-Senior,91077,Lake Jillborough,San Marino,+1-387-048-0742
5916322634,Nicole,Bennett,Desarrollador,Técnico,Senior,111423,Scottshire,Eritrea,(441)057-0262x791
1906340878,Renee,Harvey,Gerente,Técnico,Senior,111097,Younghaven,British Virgin Islands,(605)071-0929
6690829078,Christian,Perry,Contador,Ingeniero,Semi-Senior,31172,Mitchellton,Gambia,001-738-024-4865x9895
4219980079,Rachel,Farmer,Contador,Administrador,Semi-Senior,34092,Jenniferburgh,San Marino,(301)172-6645x1621
4038332864,Victor,Ramsey,Analista,Psicólogo,Senior,37264,New Danielchester,Tonga,(802)244-8857x57519
4703901522,Joel,Bentley,Contador,Contador,Senior,43302,Liubury,Sweden,2558501515
8472396359,Bryan,Camacho,Desarrollador,Administrador,Semi-Senior,64003,Bakerton,Burundi,821.095.5219
3480607950,Joshua,Norton,Gerente,Administrador,Semi-Senior,62490,Swansonhaven,Kyrgyz Republic,2849538922
6584917903,Mary,Blackwell,Gerente,Técnico,Junior,48316,Port Kevin,Greenland,981.140.9891x754
6312723892,Christopher,Jones,Recursos Humanos,Técnico,Senior,108161,Eileenport,Hungary,001-480-859-4990x5998
4847746193,Justin,Atkins,Desarrollador,Contador,Junior,44243,Lake Luisport,Uganda,+1-891-114-2303x555
5765203321,Victor,Doyle,Desarrollador,Contador,Semi-Senior,55701,Phamport,Svalbard & Jan Mayen Islands,928.057.7238
1137684788,Nicole,Bailey,Soporte Técnico,Administrador,Junior,79330,New Jamesport,Benin,(481)558-8378x46501
2807821469,Angela,Cruz,Recursos Humanos,Administrador,Senior,97201,Kennethberg,Chile,080-420-9910x71264
9951038535,Charles,Anderson,Recursos Humanos,Contador,Senior,88979,Hamiltonbury,Isle of Man,001-148-368-7987x5732
2500830811,Michael,Malone,Desarrollador,Técnico,Senior,87898,Turnerberg,Peru,1035288189
5150737938,Maria,Nguyen,Desarrollador,Contador,Semi-Senior,80582,North Kathyville,Armenia,177-940-2953
9637956405,Brian,Alvarez,Recursos Humanos,Contador,Senior,116702,Sandrafort,Egypt,677.347.1442
1377772715,Miguel,Bowen,Soporte Técnico,Psicólogo,Senior,65241,New Donaldmouth,Madagascar,605.391.5801
6124336629,Phyllis,Reid,Soporte Técnico,Psicólogo,Senior,22411,Washingtonville,Germany,287-902-8116x2652
2745291914,Erica,Palmer,Desarrollador,Contador,Junior,92373,Erintown,Poland,254.866.4910x937
3983771539,David,Gilmore,Analista,Administrador,Semi-Senior,37769,Walkerville,Cambodia,(975)797-4408x499
3583397742,Jessica,Yang,Contador,Ingeniero,Semi-Senior,43842,Joefurt,Ethiopia,+1-690-778-8223x256
